{
    "sourceMaps": true,
    "projFile": "./Client.fsproj",
    "outDir": "out",
    "targets": {
        "debug": {
            "watch": [".", "../Server/Shared"],
            "symbols": [
                "DEV_SERVER"
            ],
            "scripts": {
                "postbuild-once": "node ../../node_modules/webpack-dev-server/bin/webpack-dev-server.js --watch --progress --inline --hot"
            }
        },
        "production": {
            "sourceMaps": false,
            "scripts": {
                "postbuild": "node ../../node_modules/webpack/bin/webpack --config webpack.release.config.js"
            }
        }
    }
}